{
  "version" : 0.0,
  "dataset" : {
    "item_count" : 7,
    "evaluation_time" : "2023-10-24T21:01:12.483Z"
  },
  "multiclass_classification_metrics" : {
    "confusion_matrix" : {
      "4238.85" : {
        "4238.85" : 0,
        "4257.084597793282" : 1,
        "4256.695300316477" : 1,
        "4258.398288516999" : 0,
        "4249.71" : 0,
        "4222.09" : 0,
        "4255.620841312039" : 0,
        "4249.0" : 0,
        "4227.39" : 0,
        "4221.39" : 0,
        "4257.986476035684" : 1
      },
      "4257.084597793282" : {
        "4238.85" : 0,
        "4257.084597793282" : 0,
        "4256.695300316477" : 0,
        "4258.398288516999" : 0,
        "4249.71" : 0,
        "4222.09" : 0,
        "4255.620841312039" : 0,
        "4249.0" : 0,
        "4227.39" : 0,
        "4221.39" : 0,
        "4257.986476035684" : 0
      },
      "4256.695300316477" : {
        "4238.85" : 0,
        "4257.084597793282" : 0,
        "4256.695300316477" : 0,
        "4258.398288516999" : 0,
        "4249.71" : 0,
        "4222.09" : 0,
        "4255.620841312039" : 0,
        "4249.0" : 0,
        "4227.39" : 0,
        "4221.39" : 0,
        "4257.986476035684" : 0
      },
      "4258.398288516999" : {
        "4238.85" : 0,
        "4257.084597793282" : 0,
        "4256.695300316477" : 0,
        "4258.398288516999" : 0,
        "4249.71" : 0,
        "4222.09" : 0,
        "4255.620841312039" : 0,
        "4249.0" : 0,
        "4227.39" : 0,
        "4221.39" : 0,
        "4257.986476035684" : 0
      },
      "4249.71" : {
        "4238.85" : 0,
        "4257.084597793282" : 0,
        "4256.695300316477" : 0,
        "4258.398288516999" : 0,
        "4249.71" : 0,
        "4222.09" : 0,
        "4255.620841312039" : 1,
        "4249.0" : 0,
        "4227.39" : 0,
        "4221.39" : 0,
        "4257.986476035684" : 0
      },
      "4222.09" : {
        "4238.85" : 0,
        "4257.084597793282" : 0,
        "4256.695300316477" : 0,
        "4258.398288516999" : 0,
        "4249.71" : 0,
        "4222.09" : 0,
        "4255.620841312039" : 0,
        "4249.0" : 1,
        "4227.39" : 0,
        "4221.39" : 0,
        "4257.986476035684" : 0
      },
      "4255.620841312039" : {
        "4238.85" : 0,
        "4257.084597793282" : 0,
        "4256.695300316477" : 0,
        "4258.398288516999" : 0,
        "4249.71" : 0,
        "4222.09" : 0,
        "4255.620841312039" : 0,
        "4249.0" : 0,
        "4227.39" : 0,
        "4221.39" : 0,
        "4257.986476035684" : 0
      },
      "4249.0" : {
        "4238.85" : 0,
        "4257.084597793282" : 0,
        "4256.695300316477" : 0,
        "4258.398288516999" : 0,
        "4249.71" : 0,
        "4222.09" : 0,
        "4255.620841312039" : 0,
        "4249.0" : 0,
        "4227.39" : 0,
        "4221.39" : 0,
        "4257.986476035684" : 0
      },
      "4227.39" : {
        "4238.85" : 0,
        "4257.084597793282" : 0,
        "4256.695300316477" : 0,
        "4258.398288516999" : 1,
        "4249.71" : 0,
        "4222.09" : 0,
        "4255.620841312039" : 0,
        "4249.0" : 0,
        "4227.39" : 0,
        "4221.39" : 0,
        "4257.986476035684" : 0
      },
      "4221.39" : {
        "4238.85" : 0,
        "4257.084597793282" : 0,
        "4256.695300316477" : 0,
        "4258.398288516999" : 0,
        "4249.71" : 0,
        "4222.09" : 0,
        "4255.620841312039" : 0,
        "4249.0" : 0,
        "4227.39" : 0,
        "4221.39" : 0,
        "4257.986476035684" : 1
      },
      "4257.986476035684" : {
        "4238.85" : 0,
        "4257.084597793282" : 0,
        "4256.695300316477" : 0,
        "4258.398288516999" : 0,
        "4249.71" : 0,
        "4222.09" : 0,
        "4255.620841312039" : 0,
        "4249.0" : 0,
        "4227.39" : 0,
        "4221.39" : 0,
        "4257.986476035684" : 0
      }
    },
    "accuracy" : {
      "value" : 0.0,
      "standard_deviation" : null
    },
    "weighted_recall" : {
      "value" : 0.0,
      "standard_deviation" : null
    },
    "weighted_precision" : {
      "value" : 0.0,
      "standard_deviation" : null
    },
    "weighted_f0_5" : {
      "value" : 0.0,
      "standard_deviation" : null
    },
    "weighted_f1" : {
      "value" : 0.0,
      "standard_deviation" : null
    },
    "weighted_f2" : {
      "value" : 0.0,
      "standard_deviation" : null
    },
    "accuracy_best_constant_classifier" : {
      "value" : 0.0,
      "standard_deviation" : null
    },
    "weighted_recall_best_constant_classifier" : {
      "value" : 0.0,
      "standard_deviation" : null
    },
    "weighted_precision_best_constant_classifier" : {
      "value" : 0.0,
      "standard_deviation" : null
    },
    "weighted_f0_5_best_constant_classifier" : {
      "value" : 0.0,
      "standard_deviation" : null
    },
    "weighted_f1_best_constant_classifier" : {
      "value" : 0.0,
      "standard_deviation" : null
    },
    "weighted_f2_best_constant_classifier" : {
      "value" : 0.0,
      "standard_deviation" : null
    }
  }
}